career,skills,interests,education,experience,description
AI Engineer,"Python, Machine Learning, Deep Learning, TensorFlow","AI, Coding, Research","Artificial Intelligence, Computer Science","Intermediate","Develops intelligent applications and AI-powered systems"
Machine Learning Engineer,"Python, Machine Learning, Scikit-learn, TensorFlow","AI, Coding, Mathematics","Artificial Intelligence, Computer Science","Intermediate","Builds and deploys machine learning models"
Data Scientist,"Python, SQL, Statistics, Pandas, Machine Learning","Data, Research, Mathematics","Artificial Intelligence, Computer Science, Statistics","Intermediate","Analyzes data and builds predictive models"
Data Analyst,"Python, SQL, Excel, Power BI, Statistics","Data, Business, Analytics","Artificial Intelligence, Computer Science, Business","Beginner","Analyzes data and creates useful business insights"
NLP Engineer,"Python, NLP, Transformers, Deep Learning, PyTorch","AI, Language, Research","Artificial Intelligence, Computer Science","Advanced","Develops systems that understand and process human language"
Computer Vision Engineer,"Python, OpenCV, Computer Vision, Deep Learning, PyTorch","AI, Images, Robotics","Artificial Intelligence, Computer Science","Advanced","Develops systems that analyze and understand images and videos"
Python Developer,"Python, Django, Flask, APIs, SQL","Coding, Software, Problem Solving","Computer Science, Software Engineering, Artificial Intelligence","Beginner","Develops software applications and backend systems using Python"
Web Developer,"HTML, CSS, JavaScript, React, Git","Web, Design, Coding","Computer Science, Software Engineering","Beginner","Builds and maintains websites and web applications"
Frontend Developer,"HTML, CSS, JavaScript, React, UI Design","Web, Design, Creativity","Computer Science, Software Engineering","Beginner","Creates the user interface and visual components of websites"
Backend Developer,"Python, Java, APIs, SQL, Databases","Coding, Software, Problem Solving","Computer Science, Software Engineering","Intermediate","Develops server-side applications and APIs"
Full Stack Developer,"HTML, CSS, JavaScript, React, Node.js, SQL","Web, Coding, Software","Computer Science, Software Engineering","Intermediate","Develops both frontend and backend web applications"
Software Engineer,"Python, Java, C++, Data Structures, Git","Coding, Software, Problem Solving","Computer Science, Software Engineering","Intermediate","Designs develops and maintains software applications"
Cybersecurity Analyst,"Networking, Linux, Python, Security, SIEM","Cybersecurity, Investigation, Technology","Cybersecurity, Computer Science, Information Technology","Beginner","Monitors systems and identifies cybersecurity threats"
Cybersecurity Engineer,"Python, Linux, Networking, Firewalls, Security","Cybersecurity, Technology, Problem Solving","Cybersecurity, Computer Science, Information Technology","Advanced","Designs and implements security solutions for systems and networks"
Cloud Engineer,"AWS, Azure, Linux, Networking, Python","Cloud, Technology, Infrastructure","Computer Science, Information Technology","Intermediate","Designs and manages cloud-based infrastructure"
DevOps Engineer,"Linux, Docker, Kubernetes, Git, CI/CD, AWS","Automation, Cloud, Coding","Computer Science, Software Engineering","Advanced","Automates software development and deployment processes"
Business Analyst,"Excel, SQL, Power BI, Communication, Data Analysis","Business, Data, Problem Solving","Business, Computer Science, Information Technology","Beginner","Analyzes business requirements and supports decision making"
Database Administrator,"SQL, MySQL, PostgreSQL, Database Management, Linux","Data, Databases, Technology","Computer Science, Information Technology","Intermediate","Manages databases and ensures data availability and security"
Data Engineer,"Python, SQL, ETL, Spark, Databases","Data, Engineering, Technology","Computer Science, Data Science, Artificial Intelligence","Intermediate","Builds systems that collect and process large amounts of data"
MLOps Engineer,"Python, Machine Learning, Docker, Kubernetes, CI/CD","AI, Automation, Cloud","Artificial Intelligence, Computer Science","Advanced","Manages machine learning models and their deployment"
AI Research Scientist,"Python, Machine Learning, Deep Learning, Mathematics, Research","AI, Research, Mathematics","Artificial Intelligence, Computer Science, Mathematics","Advanced","Conducts research and develops new artificial intelligence methods"
Robotics Engineer,"Python, C++, Robotics, Computer Vision, Sensors","Robotics, AI, Engineering","Artificial Intelligence, Computer Engineering, Robotics","Advanced","Designs and develops intelligent robotic systems"
Deep Learning Engineer,"Python, PyTorch, TensorFlow, Neural Networks, Mathematics","AI, Research, Deep Learning","Artificial Intelligence, Computer Science","Advanced","Develops deep learning models for complex AI tasks"
Computer Systems Analyst,"Systems Analysis, SQL, Python, Problem Solving, Documentation","Technology, Systems, Business","Computer Science, Information Technology","Intermediate","Analyzes and improves computer systems used by organizations"
Software QA Engineer,"Python, Selenium, Testing, SQL, Automation","Testing, Software, Problem Solving","Computer Science, Software Engineering","Beginner","Tests software applications to identify and prevent defects"
Mobile App Developer,"Java, Kotlin, Flutter, Android, APIs","Mobile Technology, Coding, Apps","Computer Science, Software Engineering","Intermediate","Develops applications for mobile devices"
UI UX Designer,"Figma, Wireframing, Prototyping, User Research, Design","Design, Creativity, User Experience","Computer Science, Design, Information Technology","Beginner","Designs user-friendly interfaces and digital experiences"
Product Manager,"Product Strategy, Communication, Market Research, Analytics","Business, Technology, Leadership","Business, Computer Science, Management","Intermediate","Plans and manages digital products and their development"
Cloud Data Engineer,"Python, SQL, AWS, ETL, Spark, Cloud","Cloud, Data, Engineering","Computer Science, Data Science, Information Technology","Advanced","Builds scalable data processing systems on cloud platforms"
Blockchain Developer,"Python, Solidity, JavaScript, Smart Contracts, Web3","Blockchain, Coding, Finance","Computer Science, Software Engineering, Information Technology","Advanced","Develops decentralized applications and blockchain solutions"
